﻿<?xml version="1.0" encoding="utf-8"?>
<BigDataLog>
  <TimeOfCreation>
    <eventIds />
    <TriggerTimeForEvent>2016-03-30T04:46:10.1406583+00:00</TriggerTimeForEvent>
    <Type>NewEventCreation</Type>
    <Ids />
  </TimeOfCreation>
  <BeforeProcessing>
    <ScheduleLog>
      <LastIDCounter>1024</LastIDCounter>
      <referenceDay>8:00 AM</referenceDay>
      <EventSchedules />
    </ScheduleLog>
  </BeforeProcessing>
  <AfterProcessing>
    <ScheduleLog>
      <LastIDCounter>1024</LastIDCounter>
      <referenceDay>8:00 AM</referenceDay>
      <EventSchedules>
        <EventSchedule>
          <Recurrence />
          <RestrictionProfile>
            <RestrictionNode>
              <RestrictionTimeLineData>
                <RangeSpan>468000000000</RangeSpan>
                <EndTime>1/2/0001 12:00:00 AM</EndTime>
                <StartTime>1/1/0001 11:00:00 AM</StartTime>
              </RestrictionTimeLineData>
              <RestrictionDayOfWeek>0</RestrictionDayOfWeek>
            </RestrictionNode>
            <RestrictionNode>
              <RestrictionTimeLineData>
                <RangeSpan>504000000000</RangeSpan>
                <EndTime>1/2/0001 1:00:00 AM</EndTime>
                <StartTime>1/1/0001 11:00:00 AM</StartTime>
              </RestrictionTimeLineData>
              <RestrictionDayOfWeek>1</RestrictionDayOfWeek>
            </RestrictionNode>
            <RestrictionNode>
              <RestrictionTimeLineData>
                <RangeSpan>504000000000</RangeSpan>
                <EndTime>1/2/0001 1:00:00 AM</EndTime>
                <StartTime>1/1/0001 11:00:00 AM</StartTime>
              </RestrictionTimeLineData>
              <RestrictionDayOfWeek>2</RestrictionDayOfWeek>
            </RestrictionNode>
            <RestrictionNode>
              <RestrictionTimeLineData>
                <RangeSpan>504000000000</RangeSpan>
                <EndTime>1/2/0001 1:00:00 AM</EndTime>
                <StartTime>1/1/0001 11:00:00 AM</StartTime>
              </RestrictionTimeLineData>
              <RestrictionDayOfWeek>3</RestrictionDayOfWeek>
            </RestrictionNode>
            <RestrictionNode>
              <RestrictionTimeLineData>
                <RangeSpan>504000000000</RangeSpan>
                <EndTime>1/2/0001 1:00:00 AM</EndTime>
                <StartTime>1/1/0001 11:00:00 AM</StartTime>
              </RestrictionTimeLineData>
              <RestrictionDayOfWeek>4</RestrictionDayOfWeek>
            </RestrictionNode>
            <RestrictionNode>
              <RestrictionTimeLineData>
                <RangeSpan>504000000000</RangeSpan>
                <EndTime>1/2/0001 1:00:00 AM</EndTime>
                <StartTime>1/1/0001 11:00:00 AM</StartTime>
              </RestrictionTimeLineData>
              <RestrictionDayOfWeek>5</RestrictionDayOfWeek>
            </RestrictionNode>
            <RestrictionNode>
              <RestrictionTimeLineData>
                <RangeSpan>504000000000</RangeSpan>
                <EndTime>1/2/0001 1:00:00 AM</EndTime>
                <StartTime>1/1/0001 11:00:00 AM</StartTime>
              </RestrictionTimeLineData>
              <RestrictionDayOfWeek>6</RestrictionDayOfWeek>
            </RestrictionNode>
          </RestrictionProfile>
          <ProcrastinationProfile>
            <ProcrastinationPreferredStart>1/1/0001 12:00:00 AM +00:00</ProcrastinationPreferredStart>
            <ProcrastinationDislikedStart>1/1/0001 12:00:00 AM +00:00</ProcrastinationDislikedStart>
            <ProcrastinationDislikedDaySection>0</ProcrastinationDislikedDaySection>
          </ProcrastinationProfile>
          <NowProfile>
            <Initialized>False</Initialized>
            <PreferredStart>1/1/0001 12:00:00 AM +00:00</PreferredStart>
          </NowProfile>
          <Restricted>True</Restricted>
          <MiscData>
            <TypeSelection>0</TypeSelection>
            <UserNote />
          </MiscData>
          <UIParams>
            <Type>0</Type>
            <Color>
              <UserSelection>0</UserSelection>
              <Blue>255</Blue>
              <Green>0</Green>
              <Red>255</Red>
              <Opacity>1</Opacity>
            </Color>
            <Visible>True</Visible>
          </UIParams>
          <Location>
            <CheckCalendarEvent>0</CheckCalendarEvent>
            <isNull>False</isNull>
            <Description />
            <Address />
            <YCoordinate>1.79769313486232E+308</YCoordinate>
            <XCoordinate>1.79769313486232E+308</XCoordinate>
          </Location>
          <Enabled>True</Enabled>
          <ID>1027_7_0_0</ID>
          <Name>Yeah yeah</Name>
          <StartTime>3/30/2016 8:00:00 AM</StartTime>
          <PreDeadline>00:00:00</PreDeadline>
          <DeletionCount>0</DeletionCount>
          <CompletionCount>0</CompletionCount>
          <PrepTime>00:00:00</PrepTime>
          <Deadline>4/13/2016 7:59:00 AM</Deadline>
          <Split>1</Split>
          <Duration>02:00:00</Duration>
          <RigidFlag>False</RigidFlag>
          <EventSubSchedules>
            <EventSubSchedule>
              <RestrictionProfile>
                <RestrictionNode>
                  <RestrictionTimeLineData>
                    <RangeSpan>468000000000</RangeSpan>
                    <EndTime>1/2/0001 12:00:00 AM</EndTime>
                    <StartTime>1/1/0001 11:00:00 AM</StartTime>
                  </RestrictionTimeLineData>
                  <RestrictionDayOfWeek>0</RestrictionDayOfWeek>
                </RestrictionNode>
                <RestrictionNode>
                  <RestrictionTimeLineData>
                    <RangeSpan>504000000000</RangeSpan>
                    <EndTime>1/2/0001 1:00:00 AM</EndTime>
                    <StartTime>1/1/0001 11:00:00 AM</StartTime>
                  </RestrictionTimeLineData>
                  <RestrictionDayOfWeek>1</RestrictionDayOfWeek>
                </RestrictionNode>
                <RestrictionNode>
                  <RestrictionTimeLineData>
                    <RangeSpan>504000000000</RangeSpan>
                    <EndTime>1/2/0001 1:00:00 AM</EndTime>
                    <StartTime>1/1/0001 11:00:00 AM</StartTime>
                  </RestrictionTimeLineData>
                  <RestrictionDayOfWeek>2</RestrictionDayOfWeek>
                </RestrictionNode>
                <RestrictionNode>
                  <RestrictionTimeLineData>
                    <RangeSpan>504000000000</RangeSpan>
                    <EndTime>1/2/0001 1:00:00 AM</EndTime>
                    <StartTime>1/1/0001 11:00:00 AM</StartTime>
                  </RestrictionTimeLineData>
                  <RestrictionDayOfWeek>3</RestrictionDayOfWeek>
                </RestrictionNode>
                <RestrictionNode>
                  <RestrictionTimeLineData>
                    <RangeSpan>504000000000</RangeSpan>
                    <EndTime>1/2/0001 1:00:00 AM</EndTime>
                    <StartTime>1/1/0001 11:00:00 AM</StartTime>
                  </RestrictionTimeLineData>
                  <RestrictionDayOfWeek>4</RestrictionDayOfWeek>
                </RestrictionNode>
                <RestrictionNode>
                  <RestrictionTimeLineData>
                    <RangeSpan>504000000000</RangeSpan>
                    <EndTime>1/2/0001 1:00:00 AM</EndTime>
                    <StartTime>1/1/0001 11:00:00 AM</StartTime>
                  </RestrictionTimeLineData>
                  <RestrictionDayOfWeek>5</RestrictionDayOfWeek>
                </RestrictionNode>
                <RestrictionNode>
                  <RestrictionTimeLineData>
                    <RangeSpan>504000000000</RangeSpan>
                    <EndTime>1/2/0001 1:00:00 AM</EndTime>
                    <StartTime>1/1/0001 11:00:00 AM</StartTime>
                  </RestrictionTimeLineData>
                  <RestrictionDayOfWeek>6</RestrictionDayOfWeek>
                </RestrictionNode>
              </RestrictionProfile>
              <Restricted>True</Restricted>
              <ConflictProfile>
                <ConflictIDs />
                <Flag>False</Flag>
                <Type>0</Type>
              </ConflictProfile>
              <MiscData>
                <TypeSelection>0</TypeSelection>
                <UserNote />
              </MiscData>
              <UIParams>
                <Type>0</Type>
                <Color>
                  <UserSelection>0</UserSelection>
                  <Blue>255</Blue>
                  <Green>0</Green>
                  <Red>255</Red>
                  <Opacity>1</Opacity>
                </Color>
                <Visible>True</Visible>
              </UIParams>
              <Location>
                <CheckCalendarEvent>0</CheckCalendarEvent>
                <isNull>False</isNull>
                <Description />
                <Address />
                <YCoordinate>1.79769313486232E+308</YCoordinate>
                <XCoordinate>1.79769313486232E+308</XCoordinate>
              </Location>
              <Complete>False</Complete>
              <Enabled>True</Enabled>
              <ID>1027_7_0_1028</ID>
              <Rigid>False</Rigid>
              <ThirdPartyID />
              <PrepTime>00:00:00</PrepTime>
              <ActiveStartTime>3/30/2016 1:46:00 PM</ActiveStartTime>
              <ActiveEndTime>3/30/2016 3:46:00 PM</ActiveEndTime>
              <Duration>02:00:00</Duration>
              <StartTime>3/30/2016 1:46:00 PM</StartTime>
              <EndTime>3/30/2016 3:46:00 PM</EndTime>
            </EventSubSchedule>
          </EventSubSchedules>
          <RepetitionFlag>False</RepetitionFlag>
          <Completed>False</Completed>
        </EventSchedule>
      </EventSchedules>
      <LocationCache>
        <Locations />
        <LastID>1</LastID>
      </LocationCache>
    </ScheduleLog>
  </AfterProcessing>
</BigDataLog>